Title,URL handle,Colorway Family (product.metafields.custom.colorway_family)
adidas Adizero Evo SL Men's Running Shoes - Black/Black,adidas-adizero-evo-sl-men-black-black-kh9858,adidas-adizero-evo-sl-men
adidas Adizero Evo SL Men's Running Shoes - Black/White,adidas-adizero-evo-sl-men-black-white-jh6206,adidas-adizero-evo-sl-men
adidas Adizero Evo SL Men's Running Shoes - Black/White,adidas-adizero-evo-sl-men-black-white-jp7149,adidas-adizero-evo-sl-men
adidas Adizero Evo SL Men's Running Shoes - Black/Yellow/Red,adidas-adizero-evo-sl-men-black-yellow-red-kj6160,adidas-adizero-evo-sl-men
adidas Adizero Evo SL Men's Running Shoes - Grey/Footwear White,adidas-adizero-evo-sl-men-grey-footwear-white-42112284,adidas-adizero-evo-sl-men
adidas Adizero Evo SL Men's Running Shoes - Pure Ruby/Bright Royal/Footwear White,adidas-adizero-evo-sl-men-pure-ruby-bright-royal-footwear-white-42112883,adidas-adizero-evo-sl-men
adidas Adizero Evo SL Men's Running Shoes - Silver/Red,adidas-adizero-evo-sl-men-silver-red-ki3381,adidas-adizero-evo-sl-men
HOKA Clifton 10 Men's Running Shoes - Asteroid/Galactic Grey,hoka-clifton-10-men-asteroid-galactic-grey-2030gyst,hoka-clifton-10-men
HOKA Clifton 10 Men's Running Shoes - Asteroid/Silver,hoka-clifton-10-men-asteroid-silver-2030adsl,hoka-clifton-10-men
HOKA Clifton 10 Men's Running Shoes - Black/Black,hoka-clifton-10-men-black-black-2030bblc,hoka-clifton-10-men
HOKA Clifton 10 Men's Running Shoes - Black/Silver,hoka-clifton-10-men-black-silver-2030bksv,hoka-clifton-10-men
HOKA Clifton 10 Men's Running Shoes - Black/Varsity Navy,hoka-clifton-10-men-black-varsity-navy-62030vck,hoka-clifton-10-men
HOKA Clifton 10 Men's Running Shoes - Carbon Black/Satellite Grey,hoka-clifton-10-men-carbon-black-satellite-grey-2030ccks,hoka-clifton-10-men
HOKA Clifton 10 Men's Running Shoes - Galactic Grey/Asteroid,hoka-clifton-10-men-galactic-grey-asteroid-2032gyst,hoka-clifton-10-men
HOKA Clifton 10 Men's Running Shoes - Oatmeal/Oat Milk,hoka-clifton-10-men-oatmeal-oat-milk-2030oltm,hoka-clifton-10-men
HOKA Clifton 10 Men's Running Shoes - White/Black,hoka-clifton-10-men-white-black-2030bwht,hoka-clifton-10-men
HOKA Clifton 10 Men's Running Shoes - White/Black,hoka-clifton-10-men-white-black-2030wblc,hoka-clifton-10-men
HOKA Clifton 10 Men's Running Shoes - White/Stellar,hoka-clifton-10-men-white-stellar-230stllr,hoka-clifton-10-men
HOKA Rincon 4 Men's Running Shoes - Black/Black,hoka-rincon-4-men-black-black-130bblc,hoka-rincon-4-men
HOKA Rincon 4 Men's Running Shoes - Black/White,hoka-rincon-4-men-black-white-5130bwht,hoka-rincon-4-men
HOKA Rincon 4 Men's Running Shoes - White/Black,hoka-rincon-4-men-white-black-5132bwht,hoka-rincon-4-men
HOKA Rincon 4 Men's Running Shoes - White/Marble,hoka-rincon-4-men-white-marble-5130wblc,hoka-rincon-4-men
Jordan Air Patrol Backpack Adult - Black/Black,jordan-air-patrol-backpack-adult-black-black-a0924blk,jordan-air-patrol-backpack-adult
Jordan Air Patrol Backpack Adult - Black/White,jordan-air-patrol-backpack-adult-black-white-a0924wr2,jordan-air-patrol-backpack-adult
LCKR Basic T-Shirt Men's - Black/Black,lckr-basic-t-shirt-men-black-black-122kt1bk,lckr-basic-t-shirt-men
LCKR Basic T-Shirt Men's - Parchment,lckr-basic-t-shirt-men-parchment-22kt1par,lckr-basic-t-shirt-men
LCKR Basic T-Shirt Men's - White/White,lckr-basic-t-shirt-men-white-white-122kt1wh,lckr-basic-t-shirt-men
Nike 6 Pack Everyday Plus Cushioned Socks Men's - Black/White,nike-6-pack-everyday-plus-cushioned-socks-men-black-white-6897010,nike-6-pack-everyday-plus-cushioned-socks-men
Nike 6 Pack Everyday Plus Cushioned Socks Men's - Black/White,nike-6-pack-everyday-plus-cushioned-socks-men-black-white-6897100,nike-6-pack-everyday-plus-cushioned-socks-men
Nike Tech Fleece Full-Zip Windrunner Hoodie Men's - Black/Birch,nike-tech-fleece-full-zip-windrunner-hoodie-men-black-birch-v0949051,nike-tech-fleece-full-zip-windrunner-hoodie-men
Nike Tech Fleece Full-Zip Windrunner Hoodie Men's - Black/Black,nike-tech-fleece-full-zip-windrunner-hoodie-men-black-black-v0949010,nike-tech-fleece-full-zip-windrunner-hoodie-men
Nike Tech Fleece Full-Zip Windrunner Hoodie Men's - Black/Dark Grey Heather,nike-tech-fleece-full-zip-windrunner-hoodie-men-black-dark-grey-heather-v0949063,nike-tech-fleece-full-zip-windrunner-hoodie-men
Nike Tech Fleece Full-Zip Windrunner Hoodie Men's - Black/Green,nike-tech-fleece-full-zip-windrunner-hoodie-men-black-green-v0949382,nike-tech-fleece-full-zip-windrunner-hoodie-men
Nike Tech Fleece Full-Zip Windrunner Hoodie Men's - Black/Grey,nike-tech-fleece-full-zip-windrunner-hoodie-men-black-grey-v0949011,nike-tech-fleece-full-zip-windrunner-hoodie-men
Nike Tech Fleece Full-Zip Windrunner Hoodie Men's - Black/Obsidian,nike-tech-fleece-full-zip-windrunner-hoodie-men-black-obsidian-v0949451,nike-tech-fleece-full-zip-windrunner-hoodie-men
Nike Tech Fleece Full-Zip Windrunner Hoodie Men's - Blue/Black,nike-tech-fleece-full-zip-windrunner-hoodie-men-blue-black-h0949476,nike-tech-fleece-full-zip-windrunner-hoodie-men
Nike Tech Fleece Full-Zip Windrunner Hoodie Men's - Blue/Black,nike-tech-fleece-full-zip-windrunner-hoodie-men-blue-black-v0949407,nike-tech-fleece-full-zip-windrunner-hoodie-men
Nike Tech Fleece Full-Zip Windrunner Hoodie Men's - Lt Liquid Lime/Anthracite/Lt Smoke Grey,nike-tech-fleece-full-zip-windrunner-hoodie-men-lt-liquid-lime-anthracite-lt-smoke-grey-v0949361,nike-tech-fleece-full-zip-windrunner-hoodie-men
Nike Tech Fleece Full-Zip Windrunner Hoodie Men's - Obsidian/White,nike-tech-fleece-full-zip-windrunner-hoodie-men-obsidian-white-v0949100,nike-tech-fleece-full-zip-windrunner-hoodie-men
Nike Tech Fleece Full-Zip Windrunner Hoodie Men's - Olive/Black,nike-tech-fleece-full-zip-windrunner-hoodie-men-olive-black-v0949368,nike-tech-fleece-full-zip-windrunner-hoodie-men
Nike Tech Fleece Full-Zip Windrunner Hoodie Men's - Pencil Point/Medium Ash/College Grey,nike-tech-fleece-full-zip-windrunner-hoodie-men-pencil-point-medium-ash-college-grey-v0949018,nike-tech-fleece-full-zip-windrunner-hoodie-men
Nike Tech Fleece Full-Zip Windrunner Hoodie Men's - Red/Black,nike-tech-fleece-full-zip-windrunner-hoodie-men-red-black-v0949608,nike-tech-fleece-full-zip-windrunner-hoodie-men
Nike Tech Fleece Full-Zip Windrunner Hoodie Men's - Red/Black,nike-tech-fleece-full-zip-windrunner-hoodie-men-red-black-v0949687,nike-tech-fleece-full-zip-windrunner-hoodie-men
Nike Tech Fleece Full-Zip Windrunner Hoodie Men's - Work Blue/Cool Grey/Black,nike-tech-fleece-full-zip-windrunner-hoodie-men-work-blue-cool-grey-black-v0949486,nike-tech-fleece-full-zip-windrunner-hoodie-men
Nike Varsity Elite Backpack Adult - Black/University Red/Metallic Gold,nike-varsity-elite-backpack-adult-black-university-red-metallic-gold-u3779657,nike-varsity-elite-backpack-adult
Nike Varsity Elite Backpack Adult - Metallic Silver/Black,nike-varsity-elite-backpack-adult-metallic-silver-black-m9965010,nike-varsity-elite-backpack-adult
Nike Varsity Elite Backpack Adult - Safety Orange/Black/Wolf Grey,nike-varsity-elite-backpack-adult-safety-orange-black-wolf-grey-m9965819,nike-varsity-elite-backpack-adult
Nike Varsity Elite Backpack Adult - White/Red/Navy,nike-varsity-elite-backpack-adult-white-red-navy-u3779410,nike-varsity-elite-backpack-adult
On Cloudmonster Void Men's Running Shoes - Alloy/Black,on-cloudmonster-void-men-alloy-black-30075831,on-cloudmonster-void-men
On Cloudmonster Void Men's Running Shoes - Black/Black,on-cloudmonster-void-men-black-black-49085831,on-cloudmonster-void-men
On Cloudmonster Void Men's Running Shoes - Fog/Pearl,on-cloudmonster-void-men-fog-pearl-10911344,on-cloudmonster-void-men
On Cloudmonster Void Men's Running Shoes - Iceberg/Tin,on-cloudmonster-void-men-iceberg-tin-10914415,on-cloudmonster-void-men
On Cloudmonster Void Men's Running Shoes - Ivory/Blue,on-cloudmonster-void-men-ivory-blue-11095280,on-cloudmonster-void-men
